Aeg,Kasutaja p√§ring,Filtrid,Leitud ID-d,Leitud ained,LLM Vastus,Hinnang,Veat√º√ºp
2026-03-01 18:03:17,tahan filosoofilist ainet,"EAP:(0.0, 36.0), Sem:[], Hind:[], Linn:[], Aste:[], Veeb:[], Eeldusaineteta:False","['FLFI.01.105', 'FLFI.04.060', 'FLFI.02.189', 'FLFI.01.011', 'FLFI.00.101']",[],"
Siin on m√µned filosoofia kursused, mille kohta andsin sulle infot:

*   **Eksistentsifilosoofia** (FLFI.01.105): Tutvustab eksistentsifilosoofia peamisi tekste ja m√µisteid (Kierkegaard, Dostojevski, Nietzsche, Heidegger, Camus, Sartre).
*   **Vaimufilosoofia** (FLFI.04.060): Sissejuhatus keha-vaimu probleemile, teadvusele, tehisintellektile, m√µtlemisele ja keelele.
*   **S√ºvendatud sissejuhatus eetikasse ja epistemoloogiasse** (FLFI.02.189): S√ºgavdatud sissejuhatus kaasaegsesse eetika ja epistemoloogiasse.
*   **Esteetika** (FLFI.01.011): Uurib kunsti ja filosoofia dialoogi, keskendudes fenomenoloogiale ja modernistlikele kunstisuundadele.

Milline neist tundub Sinule k√µige huvitavam?",üëç Hea,
2026-03-01 18:05:28,keemiline aine bakalaureuse astme jaoks,"EAP:(0.0, 36.0), Sem:[], Hind:[], Linn:[], Aste:[], Veeb:[], Eeldusaineteta:False","['LOKT.04.075', 'MVFA.00.035', 'LOKT.09.016', 'ARFA.02.112', 'LOKT.09.018']",[],"
Vabandust, aga pakutud kursuste nimekirjas ei ole otseselt filosoofilist ainet. Keemilisi aineid bakalaureuse astme jaoks on aga mitu:

*   **LOKT.04.075 Keskkonnakeemia alused II:** See kursus k√§sitleb keskkonnaprobleeme p√µhjustavate keemiliste ainete keemilisi ja f√º√ºsikalisi omadusi, anal√º√ºsi ja m√µju.
*   **MVFA.00.035 Keemia alused:** See kursus korrutab ja kinnistab keemia alusteadmisi, mis on vajalikud j√§rgnevate farmaatsiakaudiste omandamiseks.
*   **LOKT.09.016 Materjalide keemia ja puidukeemia valitud peat√ºkke:** See kursus pakub √ºlevaadet erinevate materiaalide keemilisest koostisest ja omadustest.
*   **LOKT.09.018 Bioaktiivsete √ºhendite keemia:** See kursus keskendub bioaktiivsete ainete keemiale, nende koostisele, omadustele ja kasutamisele.
*   **ARFA.02.112 Farmatseutiline keemia II:** See kursus k√§sitleb orgaaniliste raviainete anal√º√ºsi ja teoreetilisi aluseid.

Kui sul on t√§psemad soovid, n√§iteks konkreetne keemia valdkond, siis saan sind paremini aidata.",üëç Hea,
2026-03-01 18:06:46,programmeerimise aine doktori√µppes,"EAP:(0.0, 36.0), Sem:[], Hind:[], Linn:[], Aste:[], Veeb:[], Eeldusaineteta:False","['LTFY.05.001', 'MTAT.03.236', 'MTAT.03.236_1', 'MTAT.03.256', 'LTAT.03.018']",[],"
Vabandust, ma ei leidnud andmebaasist √ºhtegi filosoofiaainet.

**Keemiline aine bakalaureuse astme jaoks:**

Kahjuks andmebaasis keemiaainet ei leidu.

**Programmeerimise aine doktori√µppes:**

2684 LTAT.03.018 LTAT.03.018 Programmeerimiskeelte alused Programming Language Foundations 6.0 s√ºgis Eristav (A, B, C, D, E, F, mi) inglise keel, eesti keel NaN bakalaureuse√µpe, magistri√µpe, doktori√µpe, integreeritud bakalaureuse- ja magistri√µpe p√µim√µpe NaN
",üëé Halb,LLM hallutsineeris/vastas valesti
2026-03-01 18:10:20,aine mis on seotud loomadega,"EAP:(0.0, 36.0), Sem:[], Hind:[], Linn:[], Aste:[], Veeb:[], Eeldusaineteta:False","['OIEO.04.144', 'FLSE.00.260', 'LOKT.09.018', 'LOOM.04.002', 'ARFA.01.116']",[],"Siin on kursused, mis on seotud loomadega:

*   **Loomade √µiguskaitse** (unique_ID: 987) ‚Äì Interdistsiplinaarne kursus loomade √µigusliku ja eetilise staatuse uurimiseks.
*   **Zoosemiootika: omailm ja loomade kommunikatsioon** (unique_ID: 549) ‚Äì √ïpe loomade kommunikatsioonist ja m√§rgilis√ºsteemidest.
*   **Etoloogia** (unique_ID: 1871) ‚Äì Loomade k√§itumise aluste uurimine.
*   **Veterinaarravimid** (unique_ID: 1264) ‚Äì √úlevaade v√§ikeloomade ravimitest ja nende kasutamisest.",üëé Halb,LLM hallutsineeris/vastas valesti
2026-03-01 18:11:38,3 eap ained,"EAP:(0.0, 36.0), Sem:[], Hind:[], Linn:[], Aste:[], Veeb:[], Eeldusaineteta:False","['SORG.00.069', 'SORG.00.069_1', 'SVMJ.03.013', 'LTBI.00.011', 'MVCM.13.015']",[],"Sa otsid 3 EAP kursusi. Siin on need, mis vastavad sinu kriteeriumitele:

*   **SORG.00.069 Praktika / Internship:** 3.0 EAP, nii kevad- kui s√ºgiskursusena saadaval. Praktika on valikaine, mille l√§bimisel on √ºli√µpilasel v√µimalik saada 3 EAP. Praktika loetakse sooritanuks, kui √ºli√µpilane on teinud erialast t√∂√∂d erinevates organisatsioonides.
*   **SVMJ.03.013 Juhtimine / Management:** 2.0 EAP (ei vasta t√§pselt 3 EAP n√µudele).
*   **LTBI.00.011 Laboratoorsed projektid / Laboratory Projects:** 6.0 EAP (jagatud kolmeks 2 EAP projektiks).
*   **MVCM.13.015 Laborimeditsiin / Laboratory Medicine:** 8.0 EAP (jagatud viieks alamooduliks).",üëé Halb,Otsing leidis valed ained (RAG viga)
2026-03-01 18:13:37,programeerimine c++,"EAP:(0.0, 36.0), Sem:[], Hind:[], Linn:[], Aste:[], Veeb:[], Eeldusaineteta:False","['LTAT.03.025', 'MTAT.03.158', 'MTAT.03.219', 'SVNC.00.302', 'LTAT.03.001_1']",[],"
Siin on kursused, mis k√§sitlevad programmeerimist C++ keeles:

* **LTAT.03.025 Programmideerimine keeles C++** (Programming in C++) - 6 EAP, kevadsemester, hindamisviis Eristav. Eeldab kursuseid LTAT.05.100 v√µi LTAT.03.001.
* **MTAT.03.158 Programmideerimine keeles C++** (Programming in C++) - 3 EAP, kevadsemester, hindamisviis Eristav.
* **LTAT.03.001_1 Programmeerimine** (Computer Programming) - 6 EAP, s√ºgissemester, hindamisviis Eristav. See kursus annab alusteadmised programmeerimise p√µhikonstruktsioonidest.",üëé Halb,Otsing leidis valed ained (RAG viga)
2026-03-01 18:14:43,magistri aine narvas,"EAP:(0.0, 36.0), Sem:[], Hind:[], Linn:[], Aste:[], Veeb:[], Eeldusaineteta:False","['MV00.00.015', 'MV00.00.015_1', 'SVJS.00.010', 'LTMR.05.004', 'MVCM.13.010']",[],"Vabandust, andmebaasis ei leidu kursusi, mis oleksid magistri tasemel ja Narvas.

Kuid pakun Sulle teavet kursuste kohta, mis on magistri tasemel Tartus:

*   **Magistrit√∂√∂** (unique\_ID: 192): Magistrit√∂√∂ on tudengi individuaalne uurimisprojekt, mida ta arendab koost√∂√∂s oma juhendajatega. Kaitstakse √ºhiskomisjoni ees.
*   **Nukleiinhapete keemia** (unique\_ID: 789): Kursuse loengu osas antakse tudengitele √ºlevaade nukleiinhapetest, nende komponentidest, keemilistest omadustest ja ologonikleotiidide keemilisest s√ºnteesist. Praktilises osas √µpivad √ºli√µpilased puhastama rakul√ºsaadist RNA-valk komplekse.
*   **Nutraceutics, kodune kunstlik toitmine, toitmisalase abi rahalised aspektid** (unique\_ID: 1220): Kursus annab √ºlevaate, kuidas kliinilised toitmisspetsialistid saavad oma teadmisi kasutades ja rakendades kaasa aidata raviskeemide optimeerimisele.",üëé Halb,Filtrid olid liiga karmid/valed
2026-03-01 18:19:16,veebipohine aine ,"EAP:(0.0, 36.0), Sem:[], Hind:[], Linn:[], Aste:[], Veeb:[], Eeldusaineteta:False","['HVLC.01.041_1', 'ARST.01.107', 'SVNC.00.310', 'SVUH.08.006', 'P2NC.01.094']",[],"Vabandust, aga sinu k√ºsimus ei ole t√§ielik. Sa palusid veebip√µhist ainet, aga sa ei ole t√§psustanud, mida sa sellega teha soovid. Kas sa soovid n√§ha loendit veebip√µhistest ainetest, saada teavet konkreetse veebip√µhise aine kohta v√µi midagi muud?

Siin on veebip√µhised ained, mida ma tean vastavalt sinu andmebaasile:

*   **HVLC.01.041 Inglise keel. √úldakadeemiline s√µnavara (100% e-√µpe), B1.2 > B2.1**
*   **ARST.01.107 Infotehnoloogia**
*   **SVNC.00.310 Veebirakenduste loomine**
*   **SVUH.08.006 Veebiuuringud ja nende disain**
*   **P2NC.01.094 Veebirakenduste loomine**
  
Palun t√§psusta oma k√ºsimust, et ma saaksin sind paremini aidata.",üëç Hea,
2026-03-01 18:22:26,ained tallinas,"EAP:(0.0, 36.0), Sem:[], Hind:[], Linn:[], Aste:[], Veeb:[], Eeldusaineteta:False","['HVKU.00.013_1', 'LTGI.00.005', 'HVVK.00.122', 'HVKU.00.013', 'SVNC.00.068']",[],"

Vabandust, aga andmebaasis ei ole piisavalt teavet, et otsingut t√§psustada. Kas saaksid palun t√§psustada, mida sa silmas pead ""ainete"" all? Kas sa m√µtled Tallinna linnas pakutavaid kursusi? Kui jah, siis siin on need kursused, mis toimuvad Tallinnas:

*   **LTGI.00.005** Teadusp√µhine ettev√µtlus (Deep Tech Entrepreneurship)
*   **HVVK.00.122** SoundCamp 2025
*   **HVKU.00.013** Rakendusantropoloogia: √ºhiskondlikud v√§ljakutsed ja lahendused (Applied Anthropology: Social Challenges and Solutions) (ka kevadel)
*   **SVNC.00.068** Keele- ja kultuurikohvik I (Language and Culture Cafe I)",üëé Halb,Otsing leidis valed ained (RAG viga)
2026-03-01 18:23:12,"ained tallinnas
","EAP:(0.0, 36.0), Sem:[], Hind:[], Linn:[], Aste:[], Veeb:[], Eeldusaineteta:False","['HVVK.00.122', 'HVKU.00.013_1', 'HVKU.00.013', 'LTGI.00.005', 'ARTH.04.045']",[],"
Vabandust, andmebaasis ei ole piisavalt teavet, et kursuste asukohta t√§pselt m√§√§rata. Siiski on nendest kursustest Tallinnas pakutava kohta j√§rgmist teada:

*   **Teadusp√µhine ettev√µtlus** (LTGI.00.005) - Tallinn
*   **Rakendusantropoloogia: √ºhiskondlikud v√§ljakutsed ja lahendused** (HVKU.00.013_1 ja HVKU.00.013) ‚Äì Tartu linn",üëç Hea,LLM hallutsineeris/vastas valesti
2026-03-01 18:23:59,kursused √µpetajate jaoks,"EAP:(0.0, 36.0), Sem:[], Hind:[], Linn:[], Aste:[], Veeb:[], Eeldusaineteta:False","['FLGR.01.381', 'HTHT.00.152', 'FLGR.01.362', 'LOOM.02.203', 'LTMS.00.053']",[],"
Siin on kursuste nimekiri √µpetajatele, mis on saadaval andmebaasis:

*   **Inglise keele didaktika II** (English Language Teaching II)
*   **Suhtlemisps√ºhholoogia baaskursus √µpetajale** (Basic Course of Communication Psychology for Teachers)
*   **Inglise keele didaktika I** (English Language Teaching I)
*   **√úldmaateadus √µpetajatele** (Physical Geography for Teachers)
*   **Haridusps√ºhholoogiast matemaatika√µpetajale** (Educational Psychology for Mathematics Teachers)",üëç Hea,
2026-03-01 18:24:30,matemaatika √µpetaja jaoks,"EAP:(0.0, 36.0), Sem:[], Hind:[], Linn:[], Aste:[], Veeb:[], Eeldusaineteta:False","['LTMS.00.053', 'HTHT.02.048', 'HTHT.02.049', 'MTMM.00.324', 'LTMS.00.089']",[],"
Siin on kursused, mis v√µivad matemaatika √µpetajale huvi pakkuda:

*   **Haridusps√ºhholoogiast matemaatika√µpetajale (LTMS.00.053)**: Annab √ºlevaate haridusps√ºhholoogiast matemaatika √µpetamise kontekstis.
*   **Matemaatika didaktika I (HTHT.02.048)**: Vaatleb matemaatika didaktika √ºldisi k√ºsimusi ja matemaatika √µpetamise ps√ºhholoogilisi probleeme, keskendudes I kooliastmele.
*   **Matemaatika didaktika II (HTHT.02.049)**: Tutvustab √µpetamismeetodeid ja t√∂√∂vorme II kooliastme jaoks. Eeldab Matemaatika didaktika I l√§bimist v√µi samav√§√§rset ainet.
*   **Matemaatika √µpetamise metoodika seminar (LTMS.00.089)**: Seminar keskendub matemaatika √µpetamise metoodika ja didaktikaga seotud uurimisk√ºsimustele. Sobib magistri- ja doktorit√∂√∂ tegijatele.
*   **Sissejuhatus matemaatika erialasse (MTMM.00.324)**: Tutvustab matemaatika erinevaid valdkondi ja rakendusi.",üëç Hea,
2026-03-01 18:25:49,startupi juhtimine,"EAP:(0.0, 36.0), Sem:[], Hind:[], Linn:[], Aste:[], Veeb:[], Eeldusaineteta:False","['SVPC.01.074', 'MTAT.03.293', 'SVMJ.02.005', 'MJJV.07.083', 'LTAT.05.040']",[],"
Vabandan, aga andmebaasis ei leidu kursust, mille nimi oleks ""startupi juhtimine"". K√ºll on olemas j√§rgmised kursused, mis v√µiksid olla sinu jaoks asjakohased:

*   **Ettev√µtlusega alustamine** (1263): Annab teadmised √§riideede arendamisest, anal√º√ºsimisest, hindamisest ja rakendamisest, digitaalse tehnoloogia kasutamisest ettev√µtluses, finantsplaneetimisest ja riskianal√º√ºsist.
*   **Sissejuhatus tarkvaraettev√µtlusse** (76): √ïpetab leidma ja anal√º√ºsima probleemolukordi, mille lahendamiseks saab kasutada tarkvara v√µi teenust, ja luuma algse protot√º√ºbi.
*   **Teadmusp√µhine iduettev√µtlus** (2510): Annab √ºlevaate teadmusp√µhise ettev√µtluse p√µhim√µtetest, √§rimudelitest ja rahvusvahelistumisest.
*   **Innovatsiooni juhtimine** (1624): Kujundab arusaama innovatsioonist kui protsessist ja annab teadmised innovatsiooni juhtimisest erinevatel tasanditel.
*   **Disainm√µtlemine ja √§rimodelleerimine** (3128): Annab √ºlevaate tarkvaratoodete juhtimise protsessi korralduse v√µimalustest ja praktilistest probleemidest.

Milline neist tundub sulle k√µige enam huvi pakkuv? V√µi mida sa konkreetselt start-up'i juhtimisest teada tahad?
",üëç Hea,
2026-03-01 18:26:43,idufirma alused,"EAP:(0.0, 36.0), Sem:[], Hind:[], Linn:[], Aste:[], Veeb:[], Eeldusaineteta:False","['FLEE.07.182', 'ARFA.02.116', 'LTBI.00.023', 'ARFA.02.103', 'ARFA.01.078']",[],"

Vabandust, andmebaasis puuduvad kursused, mis k√§sitleksid ""startupi juhtimist"" v√µi ""idufirma aluseid"". 

Saadaval on j√§rgmised kursused:

*   **FLEE.07.182 Kaugemad sugulaskeeled I**
*   **ARFA.02.116 Uurimist√∂√∂ seminar farmatseutilisest tehnoloogiast**
*   **LTBI.00.023 Icosageni sponsoreeritud praktiline kursus**
*   **ARFA.02.103 Farmatseutilised abiained**
*   **ARFA.01.078 Uurimist√∂√∂ seminar farmakognoosiast**

Kas teist m√µni neist teid huvitab?",üëé Halb,Otsing leidis valed ained (RAG viga)
2026-03-01 18:27:46,muusika loomine' ,"EAP:(0.0, 36.0), Sem:[], Hind:[], Linn:[], Aste:[], Veeb:[], Eeldusaineteta:False","['P2VK.02.510', 'HVVK.02.111', 'HVVK.02.112', 'P2VK.02.728', 'P2VK.05.144']",[],"
Vabandust, aga andmebaasis ei ole otsest vastet s√µnale ""muusika loomine"". K√ºll aga on kursused, mis v√µivad seda teemat katta v√µi sellega seotud olla:

*   **Muusika kriitika (P2VK.02.510)**: K√§sitletakse muusikakriitika erinevaid vorme, vastutust ja objektiivsust, ning saadakse praktilist kirjutamiskogemust.
*   **L√µpueksam (r√ºtmimuusika) (HVVK.02.111)**: Loov-praktiline l√µput√∂√∂ on loominguline projekt (nt kontsert, etendus) koos kirjaliku t√∂√∂ga.
*   **L√µpueksam (p√§rimusmuusika) (HVVK.02.112)**: Loov-praktiline l√µput√∂√∂ koosneb praktilisest (kontsert, lavastus, projekt) ja teoreetilisest osast.
*   **Improvisatsioon (P2VK.02.728)**: Muusikaliste v√µimete ja loominguliste oskuste arendamine, improviseerimistehnikate √µppimine.",üëé Halb,Otsing leidis valed ained (RAG viga)
2026-03-01 18:29:15,aine kus saab √µppida muusikat v√µi muusikaajalugu.,"EAP:(0.0, 36.0), Sem:[], Hind:[], Linn:[], Aste:[], Veeb:[], Eeldusaineteta:False","['P2VK.02.515', 'HVVK.00.117', 'HVVK.00.112', 'P2VK.05.144', 'ARTH.02.056']",[],"
Siin on kursused, mis sobivad sinu otsingule:

*   **Muusikaajalugu (P2VK.02.515):** Annab √ºlevaate Euroopa kunstmuusikast keskajast t√§nap√§evani, keskendudes stiilide ja kuulmise eristamisele.
*   **Muusikalugu (HVVK.00.117):** √úlevaade muusikaajaloost.
*   **TUNE: Traditional Music Beyond Borders, Online Course (HVVK.00.112):**  Teoreetiline ja praktiline sissejuhatus Euroopa regionaalsetesse muusikatraditsioonidesse.
*   **V√µrdlev kultuurilugu muusikas (P2VK.05.144):** Tutvustab maailma kultuure l√§bi traditsioonilise muusika.",üëç Hea,
2026-03-01 18:47:08,music history,"EAP:(0.0, 36.0), Sem:[], Hind:[], Linn:[], Aste:[], Veeb:[], Eeldusaineteta:False","['P2VK.02.515', 'HVVK.00.117', 'P2VK.02.510', 'P2VK.05.144', 'HVVK.00.112']",[],"Millist informatsiooni sa muusikalooga seoses soovid? Palun t√§psusta oma k√ºsimust. Ma v√µin sulle anda infot kursuste kohta:

*   **Muusikaajalugu (P2VK.02.515):** Annab √ºlevaate Euroopa kunstmuusikast keskajast t√§nap√§evani, r√µhuga stiilide √§ratundmisele.
*   **Muusikalugu (HVVK.00.117):** Sisaldab informatsiooni aine l√§bitud √µppija kohta.
*   **V√µrdlev kultuurilugu muusikas (P2VK.05.144):** Tutvustab maailma kultuure l√§bi traditsioonilise muusika ja kultuurikontekstide.
*   **TUNE: Traditional Music Beyond Borders, Online Course (HVVK.00.112):** Pakub teoreetilist ja praktilist sissejuhatust Euroopa rahvaste muusikatraditsioonidesse.",üëç Hea,
2026-03-01 18:48:27,"soovin veebip√µhist 3 v√µi 6 eap bak aseme informaatika v√µi matemaatika kursust, mis toimuks tartus ja oleks sobilik algajale","EAP:(0.0, 36.0), Sem:[], Hind:[], Linn:[], Aste:[], Veeb:[], Eeldusaineteta:False","['HVLC.09.038', 'MTAT.07.028', 'ARST.01.107', 'MTAT.03.206', 'HVVK.12.010']",[],"
Vabandust, andmebaasis ei leidu mingeid kursusi, mis vastaksid t√§pselt sinu kriteeriumitele (muusikateooria, veebip√µhine, 3 v√µi 6 EAP, bakalaureuse taseme, informaatika v√µi matemaatika, Tartus, algajale). 

L√§himad vastused on:

*   **ARST.01.107 Infotehnoloogia** (2 EAP, Tartu linn, bakalaureuse√µpe) - See kursus on arstiteadusele, kuid annab arvutialaseid baasteadmisi, mis v√µiksid olla algajale sobivad.
* **MTAT.07.028 Infoturve** (3 EAP, kevadsemester, eesti keel) ‚Äì See kursus on suunatud mitte-informaatikutele ja annab √ºlevaate infoturbe probleemidest. See v√µib olla hea sissejuhatus teemasse.

Paraku ei ole andmebaasis muid kursusi, mis t√§hendaksid just ""muusikateooriat"" v√µi ""muusikajalugu"". Soovitaksin otsida lisa√ºlikooli kodulehelt v√µi otse √µppej√µududelt.
",üëé Halb,Otsing leidis valed ained (RAG viga)
2026-03-01 18:49:21,idufirma v√µi startup v√µi ettev√µtlus algajatele,"EAP:(0.0, 36.0), Sem:[], Hind:[], Linn:[], Aste:[], Veeb:[], Eeldusaineteta:False","['MTAT.03.293', 'SVPC.01.074', 'P2NC.01.050', 'LTMR.00.001', 'MJJV.11.001']",[],"
Siin on kursused, mis sobivad algajatele, kes on huvitatud idufirmast, startupist v√µi ettev√µtlusest:

*   **Sissejuhatus tarkvaraettev√µtlusse** (MTAT.03.293): See kursus aitab teil v√§lja m√µelda ja alustada toote v√µi teenust pakkuvat ettev√µtet, l√§htudes ""k√µhna idufirma"" p√µhim√µtteist. √ïpitakse klientide probleemide avastamist, v√§√§rtuspakkumise defineerimist ja valideerimist, ning algse protot√º√ºbi loomist.
*   **Ettev√µtlusega alustamine** (SVPC.01.074):  Antakse teadmised √§riideede arendamisest, anal√º√ºsimisest, hindamisest ja rakendamisest. √ïpetatakse digitaalsete tehnoloogiate kasutamist ettev√µtluses ning √§riprotsesside optimeerimist.
*   **Ettev√µtlusega alustamine** (P2NC.01.050): See kursus annab √ºlevaate ettev√µtluse olemusest, ettev√µtlusprotsessist ja erinevatest √§rimudelitest. 
*   **Ettev√µtluse alused I** (MJJV.11.001):  Tutvutakse ettev√µtlusmaailma ideede ja p√µhim√µtetega, t√∂√∂katete rolliga, ettev√µtliku m√µtteviisiga, ja √§riideede arendamise/hindamisega.",üëç Hea,
2026-03-01 18:51:00,01100001 01101001 00100000 01100001 01101001 01101110 01100101,"EAP:(0.0, 36.0), Sem:[], Hind:[], Linn:[], Aste:[], Veeb:[], Eeldusaineteta:False","['MTMS.01.010', 'LTMS.00.015', 'HVLC.08.024', 'HTOS.02.451', 'HVLC.08.026']",[],"

Vabandust, aga ma ei saa aru, mida sa k√ºsid. Palun esita oma k√ºsimus selgemalt v√µi kasuta keel, mida ma m√µistan. Ma v√µin vastata ainult siin pakutud kursuste andmete p√µhjal.
",üëé Halb,Otsing leidis valed ained (RAG viga)
2026-03-01 18:52:06,ascii: 97 105 32 97 105 110 101 ,"EAP:(0.0, 36.0), Sem:[], Hind:[], Linn:[], Aste:[], Veeb:[], Eeldusaineteta:False","['FLLC.09.009', 'FLLC.09.009_1', 'MTAT.03.256', 'LTAT.03.005', 'HVLC.09.054_1']",[],"
Vabandust, ma ei saa aru, mida sa palud. Kas saaksid oma k√ºsimuse √ºmber s√µnastada?",üëé Halb,Otsing leidis valed ained (RAG viga)
2026-03-01 18:53:16,Molekulaarbioloogia,"EAP:(0.0, 36.0), Sem:[], Hind:[], Linn:[], Aste:[], Veeb:[], Eeldusaineteta:False","['LOMR.05.008', 'LOMR.05.008_1', 'LTMR.06.004', 'LTMR.05.001', 'LOMR.01.003']",[],"
Siin on kursused, mis sobivad otsingum√§rks√µnaga ""Molekulaarbioloogia"":

*   **Molekulaarbioloogia** (LOMR.05.008 & LOMR.05.008_1) - Annab p√µhjaliku √ºlevaate geneetilise informatsiooni √ºlekande protsessidest (replikatsioon, transkriptsioon, translatsioon) ja p√µhilistest meetoditest.
*   **Molekulaarbioloogia alused** (LTMR.05.001) - √úlevaade molekulide struktuuri ja funktsioonide seostest geneetilise teabe √ºlekandes.
* **Molekulaarne rakubioloogia** (LTMR.06.004) ‚Äì Kontsentreeritud √ºlevaade molekulaarsetest protsessidest rakkudes, mis on aluseks rakkude kohastumisele ja signalisatsioonile.",üëç Hea,
2026-03-01 18:53:39,√ñkoloogia,"EAP:(0.0, 36.0), Sem:[], Hind:[], Linn:[], Aste:[], Veeb:[], Eeldusaineteta:False","['LTOM.01.014', 'LOOM.01.073', 'LOKT.04.016', 'LTOM.02.072', 'LOOM.02.333']",[],"
Vabandust, aga kursuste loendis ei ole otseselt ""Molekulaarbioloogiat"". Seal on aga kaks √∂koloogiaga seotud kursust, mida ma v√µin kirjeldada:

**1. LTOM.01.014 √ñkoloogia alused √µpetajatele**

*   **Kirjeldus:** Kursusel k√§sitletakse √∂koloogia aluseid (aut√∂koloogia, s√ºn√∂koloogia, dem√∂koloogia ja s√ºsteem√∂koloogia), mida seostatakse igap√§evaeluliste probleemidega inim√ºhiskonnas, loodus- ja keskkonnakaitsega. Antakse √ºlevaate √∂koloogilise teadmise arengusuundadest ja Eesti teadlaste panusest.
*   **Eesm√§rgid:** Anda √ºlevaade √∂koloogia p√µhit√µdedest, mis on vajalikud √µpetajat√∂√∂s p√µhikoolis ja g√ºmnaasiumis. Anda p√µhiteadmised √∂koloogilistest seadusp√§radest looduses ja inim√ºhiskonnas, seostatuna teiste teadustega (evolutsioon, keskkonnateadused, sotsiaalteadused jne.).

**2. LOOM.01.073 √ñkoloogia rakendusi**

*   **Kirjeldus:** Aines k√§sitletakse n√§iteid √∂koloogia rakendustest p√µllumajanduses, metsanduses, haljastuses ja keskkonnakaitses. Vaadeldakse, kuidas teoreetilistest √ºldistustest j√µutakse praktiliste lahendusteni.
*   **Eesm√§rgid:** √ñkoloogia rakenduste kursus valmistab ette spetsialiste, kes oskavad l√§htuvalt teoreetilisest √∂koloogiast leida konkreetseid praktilisi ja j√§tkusuutlikke lahendusi sellistes valdkondades nagu p√µllumajandus, metsandus, jahindus ja keskkonnakaitse.

 Kuna ""Molekulaarbioloogiat"" ei ole, siis ei saa ma selle kohta infot anda.",üëç Hea,
2026-03-01 18:53:55,Geoloogia,"EAP:(0.0, 36.0), Sem:[], Hind:[], Linn:[], Aste:[], Veeb:[], Eeldusaineteta:False","['LOOM.03.124', 'LOOM.03.078', 'LOOM.03.121', 'LTOM.03.005', 'LOOM.02.143']",[],"
Vabandust, aga pakutud kursuste nimekirjas ei ole kursusi, mis vastaksid sinu k√ºsitlusele ""Molekulaarbioloogia"", ""√ñkoloogia"" ja ""Geoloogia"". Pakutud kursuste hulgas on ainult geoloogilised kursused:

*   **LOOM.03.124** Geotektoonika ja regionaalgeoloogia
*   **LOOM.03.078** Ehitusgeoloogia
*   **LOOM.03.121** Ajalooline geoloogia
*   **LTOM.03.005** Geoloogiline kaardistamine ning regionaal- ja struktuurigeoloogiline v√§lipraktika",üëç Hea,
2026-03-01 18:54:13,Neuroteadus,"EAP:(0.0, 36.0), Sem:[], Hind:[], Linn:[], Aste:[], Veeb:[], Eeldusaineteta:False","['MVBS.03.006', 'ARFS.01.069', 'SVHI.03.035', 'ARNR.01.031', 'ARNR.01.024']",[],"
Neuroteadust puudutavad kursused on:

*   **MVBS.03.006** Nimi_et: N√§rviteadus, Nimi_en: Neuroscience (doktori√µpe, s√ºgis)
*   **ARFS.01.069** Nimi_et: N√§rviteadus, Nimi_en: Neuroscience (magistri√µpe, doktori√µpe, s√ºgis)
*   **SVHI.03.035** Nimi_et: √ïppimine, √µpetamine ja n√§rviteadus, Nimi_en: Learning, Teaching and Neuroscience (doktori√µpe, kevad)
*   **ARNR.01.031** Nimi_et: Neuroloogia ja neurokirurgia, Nimi_en: Neurology and Neurosurgery (doktori√µpe, kevad)
*   **ARNR.01.024** Nimi_et: Neuroloogia, Nimi_en: Neurology (integreeritud bakalaureuse- ja magistri√µpe, s√ºgis)",üëé Halb,LLM hallutsineeris/vastas valesti
2026-03-01 18:55:02,Andmeanal√º√ºs Pythoniga,"EAP:(0.0, 36.0), Sem:[], Hind:[], Linn:[], Aste:[], Veeb:[], Eeldusaineteta:False","['HVEE.04.028', 'MTMS.01.069', 'MVPT.00.009', 'MVPT.00.009_1', 'SVNC.00.228']",[],"
Vabandust, andmeanal√º√ºs Pythoniga otse kursusena ei ole saadaval. K√ºll on aga olemas kursus **Programmeerimine Pythonis tekstiandmetega (HVEE.04.028)**, mis t√§iendab esmast programmeerimisoskust Pythonis, sealhulgas andmestruktuuride ja teksti t√∂√∂tlemisega. See v√µib olla hea alus edaspidiseks andmeanal√º√ºsiks Pythonis.
",üëé Halb,LLM hallutsineeris/vastas valesti
2026-03-01 18:55:23,Masin√µpe,"EAP:(0.0, 36.0), Sem:[], Hind:[], Linn:[], Aste:[], Veeb:[], Eeldusaineteta:False","['MTAT.03.227', 'SVNC.00.085', 'LTAT.02.004', 'LTAT.01.003', 'LTAT.02.040']",[],"
Vabandust, andmeanal√º√ºs Pythoniga kursuse kohta andmed puuduvad. K√ºll aga on olemas j√§rgmised masin√µppe kursused:

*   **Masin√µpe** (unique\_ID 2055): Magistri- ja doktori√µpe, s√ºgissemester. Hindamismeetod: Eristav (A, B, C, D, E, F, mi). Kurusel k√§sitletakse masin√µppe p√µhiprintsiipe ja meetodeid, keskendudes juhendatud √µppe algoritmidele (otsustuspuud, lineaarsed mudelid, kaugus-p√µhised mudelid, t√µen√§osuslikud mudelid, ansambelmudelid ja tehisneurov√µrgud).
*   **Masin√µpe ja n√§rviv√µrgud** (unique\_ID 2453): Rakendusk√µrgharidus√µpe, s√ºgissemester. Hindamismeetod: Eristamata (arv, m.arv, mi). Sisaldab juhendatud ja juhendamata √µpet, parimaid tavasid masin√µppes ning rakendusi nutirobotite, teksti m√µistmise ja arvutin√§gemise alal.
*   **Masin√µpe II** (unique\_ID 1703): Magistri√µpe, kevadsemester. Hindamismeetod: Eristav (A, B, C, D, E, F, mi). Laiendab masin√µppe meetodite teoreetilisi aluseid. Eeldab varasemat teavet andmeanal√º√ºsist v√µi masin√µppest.
*   **Projektip√µhine sissejuhatus masin√µppesse (veebikursus)** (unique\_ID 1615): Bakalaureuse-, magistri- ja rakendusk√µrgharidus√µpe, kevadsemester. Hindamismeetod: Eristamata (arv, m.arv, mi). Praktiline sissejuhatus masin√µppesse erinevate valdkondade √ºli√µpilastele, keskendudes andmete t√∂√∂tlemisele, p√µhiliste masin√µppemeetodite rakendamisele ja mudelite hindamisele.",üëé Halb,LLM hallutsineeris/vastas valesti
2026-03-01 18:56:10,"Mobiilirakenduste arendus,","EAP:(0.0, 36.0), Sem:[], Hind:[], Linn:[], Aste:[], Veeb:[], Eeldusaineteta:False","['SVNC.00.301', 'SVNC.00.057', 'LTAT.06.021', 'LTOM.02.050', 'LTAT.05.004']",[],"
Vabandust, aga andmeanal√º√ºsi Pythoniga ja masin√µppe kohta puuduvad andmed. Vastata saan ainult j√§rgmiste kursuste kohta:

**Mobiilirakenduste arendus:**

*   **Kursuse kood:** LTAT.06.021
*   **Nimi:** Mobiilirakenduste arendus (Mobile Application Development)
*   **EAP:** 6.0
*   **Semester:** s√ºgis
*   **Hindamisviis:** Eristav (A, B, C, D, E, F, mi)
*   **Keel:** inglise keel
*   **√ïppeaste:** bakalaureuse√µpe
*   **Kirjeldus:** Aine annab sissejuhatava ja praktilise √ºlevaate mobiilirakenduste arendamisest, keskendudes k√µige enam Android-platvormile.
*   **Eesm√§rgid:** Anda sissejuhatav ja praktiline √ºlevaade mobiilirakenduste arendamisest.
*   **√ïpiv√§ljundid:** Oskab luua tarkvara Android platvormile Kotlin programmeerimiskeeles, omab algteadmisi multiplatvorm-t√∂√∂riistadest ja iOS platvormist, teab turvalise ja kasutajas√µbraliku rakenduse disainimist, integreerimist v√§liste andmeallikatega ja pilveteenuste kasutamist.
*   **Hindamise info:** Projektip√µhine hindamine.

*   **Kursuse kood:** SVNC.00.301
*   **Nimi:** Mobiilirakenduste loomine (Mobile Application Development)
*   **EAP:** 6.0
*   **Semester:** s√ºgis
*   **Hindamisviis:** Eristamata (arv, m.arv, mi)
*   **Keel:** eesti keel
*   **Linn:** Narva linn
*   **√ïppeaste:** rakendusk√µrgharidus√µpe
*   **Kirjeldus:** Aines kaetakse j√§rgmised teemad: Mobiilirakendused, Kasutajaliidesed, arendus Android platvormil, asukohap√µhised teenused, mobiilne pilv, mobiilsete rakenduste turustamine.
*   **Eesm√§rgid:** Anda √ºlevaade mobiilirakenduste loomise protsessist ja tutvustada rakenduste loomist Google Android platvormil.
*   **√ïpiv√§ljundid:** Rakendab √ºldtuntud meetodeid mobiilirakenduste loomiseks, loob mobiilrakendusi Google Android platvormil ja teab nende turustamise v√µimalusi.

*   **Kursuse kood:** SVNC.00.057
*   **Nimi:** Mobiilirakenduste loomine (Mobile Application Development)
*   **EAP:** 4.0
*   **Semester:** s√ºgis
*   **Hindamisviis:** Eristamata (arv, m.arv, mi)
*   **Keel:** eesti keel
*   **Linn:** Narva linn
*   **Kirjeldus:** Aines kaetakse j√§rgmised teemad: Mobiilirakendused, Kasutajaliidesed, arendus Android platvormil, asukohap√µhised teenused, mobiilne pilv, mobiilsete rakenduste turustamine.
*   **Eesm√§rgid:** Anda √ºlevaade mobiilirakenduste loomise protsessist ja tutvustada rakenduste loomist Google Android platvormil.
*   **√ïpiv√§ljundid:** Rakendab √ºldtuntud meetodeid mobiilirakenduste loomiseks, loob mobiilrakendusi Google Android platvormil ja teab nende turustamise v√µimalusi.",üëé Halb,LLM hallutsineeris/vastas valesti
2026-03-01 18:57:03,"Tehisintellekti alused
","EAP:(0.0, 36.0), Sem:[], Hind:[], Linn:[], Aste:[], Veeb:[], Eeldusaineteta:False","['LTAT.01.003', 'LTAT.03.018', 'LTAT.02.034', 'LTAT.06.028_1', 'LTAT.06.028']",[],"
Kursus **Tehisintellekt (LTAT.01.003)** on sobiv valik.

Siin on selle kohta peamised andmed:

*   **Nimi (et):** Tehisintellekt
*   **Nimi (en):** Artificial Intelligence
*   **EAP:** 6.0
*   **Semester:** kevad
*   **Hindamisviis:** Eristav (A, B, C, D, E, F, mi)
*   **Kirjeldus:** Masin√µpe, tehisn√§rviv√µrgud. Pildit√∂√∂tlus, k√µneliidesed. Loomuliku keele t√∂√∂tlus. Robotid ja ises√µitvad autod. M√§ngude strateegia ja mitte m√§ngitavate tegelaste k√§itumine.
*   **Eesm√§rgid:** Kuidas saab automaatselt tuvastada, kas pildi peal olev inimene on Jaak Vilo? Millised algoritmid juhivad tolmuimeja rooboteid ja ises√µitvaid autosid? Kas inimkeelt saab modelleerida kasutades suurt hulka tekste internetist? Kursuse eesm√§rk on tutvuda tehisintellektiga, ning m√µnede selle valdkonna harudega nagu masin√µpe, loomuliku keele t√∂√∂tlus, pildit√∂√∂tlus, jt.
*   **Opivaljundid:** Kursuse p√µhiteemad on: masin√µpe, pildit√∂√∂tlus, k√µnet√∂√∂tlus, loomuliku keele (teksti) t√∂√∂tlus, robotite ja agentide k√§itumise modelleerimine, m√§ngude strateegia.
*   **Eeldusained:** (HVEE.04.028 (Programmeerimine Pythonis tekstiandmetega) V√ïI LTAT.03.005 (Algoritmid ja andmestruktuurid) V√ïI LTAT.03.001 (Programmeerimine))",üëç Hea,
2026-03-01 18:57:54,t e h i s i n t e l l e k t i a i n e,"EAP:(0.0, 36.0), Sem:[], Hind:[], Linn:[], Aste:[], Veeb:[], Eeldusaineteta:False","['OIEO.06.091', 'HVLC.09.052', 'FLKE.03.121', 'OIAO.05.074', 'MTAT.03.206']",[],"
Tehisintellekt ja √µigus (OIEO.06.091) on magistri√µppe kursus, mis annab √ºlevaate eetilistest ja √µiguslikest v√§ljakutsetest tehisintellekti s√ºsteemide ja (tarkade) robotite kasutamisest kehtivas (Euroopa) √µigusnormistikus ning (tulevikus) kehtivatest v√µimalustest nende tehnoloogiate kasutamist reguleerida. Kursus toimub inglise keeles Tartus. Hindamisel kasutatakse osalemist seminarides ja kirjalikku t√∂√∂d.
",üëé Halb,Otsing leidis valed ained (RAG viga)
2026-03-01 18:58:15,Tarkvaraarhitektuur,"EAP:(0.0, 36.0), Sem:[], Hind:[], Linn:[], Aste:[], Veeb:[], Eeldusaineteta:False","['LTAT.05.003', 'LTAT.05.005', 'LTAT.05.034', 'P2NC.01.085', 'SVNC.00.308']",[],"

Vabandust, andmebaasis puudub kursus nimega ""Tarkvaraarhitektuur"". Kas ma saan sind aidata millelegi muule?",üëé Halb,LLM hallutsineeris/vastas valesti
2026-03-01 18:58:59,√Ñriinglite investeerimine,"EAP:(0.0, 36.0), Sem:[], Hind:[], Linn:[], Aste:[], Veeb:[], Eeldusaineteta:False","['P2PC.01.158', 'P2PC.00.630', 'MJJV.10.044', 'MJJV.10.063', 'LOTI.05.102']",[],"Vabandust, andmebaasis puudub kursus, mis k√§sitleks otse √§riinglite investeerimist. Kuid ma v√µin soovitada kursust **Investeeringute anal√º√ºs (unique_ID 2381)**, mis k√§sitleb investeerimise aluseid, tootlust ja riski, v√µlakirjade ja aktsiate anal√º√ºsi, investeerimisstrateegiaid ning finantsderivatiive. See kursus v√µib anda p√µhiteadmised, mida on vaja √§riinglite investeerimise m√µistmiseks.",üëé Halb,LLM hallutsineeris/vastas valesti
2026-03-01 18:59:19,Roheettev√µtlus,"EAP:(0.0, 36.0), Sem:[], Hind:[], Linn:[], Aste:[], Veeb:[], Eeldusaineteta:False","['LTMR.00.001', 'LTKT.04.003', 'LTOM.00.016', 'SVNC.00.262', 'SVNC.00.262_1']",[],"
Vabandust, andmebaasis puuduvad otseselt kursused, mis k√§sitleksid ""√Ñriinglite investeerimist"" v√µi spetsiifiliselt ""Roheettev√µtlust"". K√ºll aga on olemas kursus, mis puudutab ettev√µtlust ja s√§√§stlikkust:

**LTMR.00.001 Bioettev√µtlus**

*   **Kirjeldus:** Aine eesm√§rgiks on anda √ºlevaade √§ri v√µimalustest biotehnoloogia valdkonnas, sealhulgas praktilisi n√§pun√§iteid kuidas ettev√µtet alustada, √§riplaani koostada, ideedele raha leida, intellektuaalset omandit kaitsta, personali leida. Muuhulgas antakse √ºlevaade biotehnoloogia sektorist nii Eestis kui mujal maailmas.
*   **Eesm√§rgid:** Aine l√§binud √ºli√µpilane tunneb ettev√µtluse aluseid, mis on vajalikud ka uue ettev√µtte finantseerimiseks.
*   **Opivaljundid:** Saab aru k√µrgtehnoloogilise v√§ikeettev√µtte erinevate valdkondade olemusest, omab baasteadmisi √§riplaani koostamisest ning omab √ºlevaadet Eesti biotehnoloogia sektorist.

Lisaks v√µib **LTKT.04.003 Ringmajandus ja ressursside kasutus** olla asjakohane, kui roheettev√µtluse eesm√§rgiks on ringmajanduse p√µhim√µtete rakendamine.
",üëç Hea,
2026-03-01 18:59:54,STEAM-haridus,"EAP:(0.0, 36.0), Sem:[], Hind:[], Linn:[], Aste:[], Veeb:[], Eeldusaineteta:False","['MVCM.03.002', 'MVCM.03.002_1', 'LOLH.00.003', 'SVHI.02.025', 'SVUH.00.263']",[],"
Vabandust, andmebaasis puudub otsene vastus STEAM-haridusele. K√ºll aga on olemas kursus, mis puudutab robootikat seoses √µppeprogrammidega I ja II kooliastmes:

**Robootika ja √µppeprogrammid I ja II kooliastmes (SVHI.02.025)**

*   **Kirjeldus:** √úlevaade robootika ja √µppeprogrammide kasutamisest I ja II kooliastmes. Tutvumine hariduslike robotitega (Qobo, TaleBot, VinciBot, Lego Spike Prime, Lego Spike Essential jt) ja erinevate √µpetamise veebikeskkondade ning rakendustega (Scratch, CodeMonkey, Wakelet jt) I ja II kooliastme kontekstis. R√ºhmat√∂√∂.
*   **Eesm√§rk:** Omandada esmased teadmised ja oskused robootika ja √µppeprogrammide kasutamiseks I ja II kooliastmes.
*   **√ïpiv√§ljundid:**
    *   Teab ja oskab nimetada ning rakendada enim kasutatavaid robootika √µpetamise vahendeid I ja II kooliastmes.
    *   Teab ja oskab l√µimida robootikat ning √µppeprogramme enda √µpetamise protsessi.
    *   Teab ja oskab kasutada erinevaid √µpetamise veebikeskkondi ja rakendusi I ja II kooliastme √µppetegevuse rikastamiseks.

Kuigi see ei kata STEAM-haridust tervikuna, on robootika oluline osa STEAM-√µppest, mis √ºhendab teadust, tehnoloogiat, inseneriteadust, kunst ja matemaatikat.",üëç Hea,
2026-03-01 19:01:09,Digitaalne fotograafia,"EAP:(0.0, 36.0), Sem:[], Hind:[], Linn:[], Aste:[], Veeb:[], Eeldusaineteta:False","['LTAT.02.036', 'LOTI.05.037', 'LTAT.02.025', 'FLFI.01.101', 'SVHI.02.004']",[],"
Kursuste nimekirjast leiab digitaalse fotograafiaga seotud kursused:

* **LOTI.05.037 Digitaalne pildit√∂√∂tlus** (Digital Image Processing) - Aine annab √ºlevaate pildit√∂√∂tluse alusteadmistest toetudes varasematele teadmistele programmeerimises.
* **SVHI.02.004 Digitaalsed tehnoloogiad kunsti√µpetuses** (Digital Technologies in Art Teaching) - Tutvustatakse digimaali ja digitaalfotograafiat.
* **FLFI.01.101 M√µttepildid / valgusepildid** (Thought Images / Light Images) -  K√§sitletakse fotograafia filosoofilisi aspekte ja fotosid m√µttepiltidena.
* **LTAT.02.036 Digitaalne pildit√∂√∂tlus** (Digital Image Processing)- K√§sitletavad teemad on pildi kujunemine, formaat ja t√º√ºbid, intensiivsuse transformatsioonid ja ruumiline filtreerimine.
* **LTAT.02.025 Arvutuslik pildistamine** (Computational Imaging) - Kursus keskendub digikaameratele ja valgusv√§lja kujutisele.

Millise kursuse kohta sa rohkem infot soovid?",üëç Hea,
2026-03-01 19:01:49,Andmekaitse,"EAP:(0.0, 36.0), Sem:[], Hind:[], Linn:[], Aste:[], Veeb:[], Eeldusaineteta:False","['P2OG.01.061', 'LTAT.02.009', 'OIAO.05.070', 'SVNC.00.171', 'OIAO.05.074']",[],"
Vabandust, aga ""Digitaalne fotograafia"" kursust ei leidu. Saan aidata ainult nende kursuste kohta, mille andmed on mul olemas.

Seoses **Andmekaitse** kursusega (unique_ID 2171):

**Kirjeldus:** 1.\tAndmekaitse√µiguse kujunemine. Andmekaitsealased √µigusaktid ELs. (videoloeng, iseseisev √µpe)\n2.\tIK√úM esemeline/territoriaalne kohaldamisala. One-shop mehhanism. Kolmandatesse riikidesse andmete edastamine.\nIKSi ja IK√úMi kohaldamisala Eestis.\n3.\tAndmekaitse p√µhim√µisted\n4.\tAndmekaitse p√µhim√µtted ning t√∂√∂tlemise √µiguslikud alused.\n5.\tN√µusolek, √µigustatud huvi; vastuv√§ited; kustutamisn√µue\n6.\tV√§ljendusvabadus vs eraelu puutumatus\n7.\tEriliiki isikuandmed. N√µuded siseriiklikule regulatsioonile. Eriliiki isikuandmed t√∂√∂suhetes.\n8.\tAvaliku sektori andmet√∂√∂tlus (automaatsed haldusaktid, proaktiivsed teenused, riigi andmekogud); IK√úM art 23 alusel piirangute kehtestamine\n9.\tAndmekaitsetingimused. Andmesubjekti √µigus tutvuda enda kohta k√§ivate andmetega.\n10.\tAndmeturve

**Eesm√§rgid:** Anda andmekaitse√µiguse baasteadmised ning juhtida t√§helepanu praktikas eksisteerivatele kitsaskohtadele. Kursusel k√§sitletakse teooriat k√§sik√§es praktiliste kaasuste ja n√§idetega. Kursuse l√§bimine annab √µpilasele vajaliku baasi edasiseks s√ºvendatud uurimist√∂√∂ks v√µi andmekaitsespetsialisti v√§lja√µppeks. Kuiv√µrd isikuandmed on k√µikjal, on andmekaitse√µiguse baasteadmised kasulikud pea igas valdkonnas, ent kindlasti vajalikud tulevases √µigusloomet√∂√∂s ning avaliku sektori andmet√∂√∂tluse korraldamisel.

**Opivaljundid:** √ïppeaine l√§binud √ºli√µpilane: -\ttunneb andmekaitset reguleerivaid √µigusakte, ja EL andmekaitse√µiguse m√µisteid, p√µhim√µtteid ja isikuandmete t√∂√∂tlemise p√µhilisi reegleid ning oskab IK√úMit ning isikuandmete kaitse seadust rakendada kaasuste lahendamisel. , -\tm√µistab andmekaitse seost p√µhi√µigustega ning p√µhi√µiguse riive tingimusi., -\tOskab leida ja kasutada teemakohaseid materjale.

**Hindamise info:** Arvestuse sisuks on praktilist laadi √ºlesannete lahendamine (kaasus, andmekaitsetingimuste kontroll, √µigusnormi anal√º√ºs). Arvestuse ajad jaanuaris. Arvestus 2 h.
",üëé Halb,LLM hallutsineeris/vastas valesti
2026-03-01 19:02:39,√ºsioteraapia kursused ,"EAP:(0.0, 36.0), Sem:[], Hind:[], Linn:[], Aste:[], Veeb:[], Eeldusaineteta:False","['KKSB.05.107', 'KKSB.05.034', 'KKSB.05.032', 'KKSB.05.119', 'KKSB.05.109']",[],"
Siin on loetelu f√ºsioteraapia kursustest vastavalt antud andmebaasile:

*   **S√ºsteemsete haiguste ja vanemaealiste f√ºsioteraapia** (KKSB.05.107)
*   **F√ºsioteraapia praktika** (KKSB.05.034)
*   **F√ºsioteraapia neuroloogias** (KKSB.05.032)
*   **Skeleti-lihass√ºsteemi f√ºsioteraapia I** (KKSB.05.119)
*   **F√º√ºsikaline ravi f√ºsioteraapias** (KKSB.05.109)",üëç Hea,
2026-03-01 19:03:30,"rahvusvaheline √§ri, bak, 3 eap
","EAP:(0.0, 36.0), Sem:[], Hind:[], Linn:[], Aste:[], Veeb:[], Eeldusaineteta:False","['OIEO.06.079', 'SVMJ.07.004', 'SORG.00.069', 'SORG.00.069_1', 'OIEO.06.093']",[],"
Arvestades sinu soovi ""rahvusvaheline √§ri, bak, 3 eap"", sobivaim kursus on:

**Sissejuhatus rahvusvahelisse √§ri√µigusesse (unique_ID: 1991)**

*   **aine_kood:** OIEO.06.079
*   **nimi_et:** Sissejuhatus rahvusvahelisse √§ri√µigusesse
*   **nimi_en:** Introduction to International Business Law
*   **eap:** 3.0
*   **semester:** s√ºgis
*   **oppeaste:** bakalaureuse√µpe
*   **keel:** inglise keel
*   **linn:** Tartu linn

**Kirjeldus:** Kursus annab √ºldise sissejuhatuse rahvusvahelise √§ritegevuse jaoks olulisematesse √µiguse valdkondadesse, sealhulgas lepingu√µigus, rahvusvaheline vaidluste lahendamine, Euroopa Liidu konkurentsi√µigus, intellektuaalse omandi √µigus ja √ºhingu√µigus.
",üëé Halb,LLM hallutsineeris/vastas valesti
2026-03-01 19:04:01,aine suurima eap'ga,"EAP:(0.0, 36.0), Sem:[], Hind:[], Linn:[], Aste:[], Veeb:[], Eeldusaineteta:False","['ARFA.02.103', 'SVMJ.03.013', 'MVCM.13.015', 'MV00.00.015_1', 'MV00.00.015']",[],"

Sisehaigused (MV00.00.015) on aine suurima EAP-ga (28.0).",üëé Halb,Otsing leidis valed ained (RAG viga)
2026-03-01 19:04:48,"wikipedia, youtube, google","EAP:(0.0, 36.0), Sem:[], Hind:[], Linn:[], Aste:[], Veeb:[], Eeldusaineteta:False","['SVPC.00.077', 'OIAO.06.050', 'OIAO.06.051', 'FLEE.08.145', 'MTAT.03.132_1']",[],"

Vabandust, aga ma ei saa vastata k√ºsimustele, mis ei ole seotud pakutava kursuse kirjeldustega. Kas sa soovid, et ma otsiksin infot m√µne konkreetse kursuse kohta?",üëç Hea,
2026-03-01 19:05:24,kuidas lennuk lendab,"EAP:(0.0, 36.0), Sem:[], Hind:[], Linn:[], Aste:[], Veeb:[], Eeldusaineteta:False","['LOTI.05.109', 'LOFY.05.032', 'LOOM.04.015', 'LOFY.05.025', 'LOFY.04.040']",[],"
Vabandust, kursuste loetelus ei ole infot lennukite lennu kohta. Seega ma sellele k√ºsimusele vastata ei saa.",üëç Hea,
2026-03-01 19:05:57,drooni kursus,"EAP:(0.0, 36.0), Sem:[], Hind:[], Linn:[], Aste:[], Veeb:[], Eeldusaineteta:False","['LOTI.05.109', 'LOTI.05.091', 'LTOM.03.034', 'LOTI.05.010', 'LTTO.00.032']",[],"
Siin on loetletud kursused, mis k√§sitlevad droone:

*   **FPV droonilennu alused (LOTI.05.109):** Annab √ºlevaate FPV droonidest, √µpetab ehitust, t√∂√∂p√µhim√µtteid, varustuse kasutamist ja hooldust. Sisaldab lennuharjutusi simulaatoris ja Tinywhoop drooniga.
*   **Kopterdroonide projekt (LOTI.05.091):** K√§sitseb arvutitehnika ja juhtimistehnoloogiate rakendamist kopterdroonide (quadrotor) arendamisel. Sisaldab praktilist t√∂√∂d ROS ja Gazebo keskkonnas.
*   **Mehitamata s√µidukite kasutamine maateadustes (LTOM.03.034):** Annab p√µhjaliku √ºlevaate mehitamata s√µidukite (sh droonide) kasutamisest maateadustes, uuringute planeerimisest ja andmete anal√º√ºsist.
*   **Robootika I (LOTI.05.010):** Sissejuhatus robotis√ºsteemidesse, kus kasutatakse Raspberry Pi'd ja Pico't koos GoPiGo platvormiga. Sisaldab praktilisi √ºlesandeid ja projekti.",üëç Hea,
2026-03-01 19:06:24,hiina ja jaapani keeled,"EAP:(0.0, 36.0), Sem:[], Hind:[], Linn:[], Aste:[], Veeb:[], Eeldusaineteta:False","['HVLC.08.012', 'HVLC.08.012_1', 'HVLC.08.013_1', 'HVLC.08.013', 'HVLC.08.014']",[],"
Vabandust, mul on andmebaasis ainult info hiina keele kursuste kohta. Jaapani keele kursusi andmebaasis ei ole.

Siin on info hiina keele kursuste kohta:

*   **Hiina keel algtasemele I (inglise keele baasil), tase 0 > A1.1** (kursuse koodid: HVLC.08.012, HVLC.08.012_1) - 6 EAP, pakutakse kevadel ja s√ºgisel. √ïpitakse h√§√§ldamist, kirjutamist, elementaarset s√µnavara ja grammatikat.
*   **Hiina keel algtasemele II (inglise keele baasil), tase A1.1 > A1.2** (kursuse koodid: HVLC.08.013, HVLC.08.013_1) - 6 EAP, pakutakse kevadel ja s√ºgisel. √ïpitakse suhtluss√µnavara, grammatika p√µhireeglid ja kirjutamist.
*   **Hiina keel algtasemele III (inglise keele baasil), tase A1.2 > A2.1** (kursuse kood: HVLC.08.014) - 6 EAP, pakutakse s√ºgisel. √ïpitakse keerulisemaid lausekonstruktsioone ja rohkem s√µnavara.",üëç Hea,
2026-03-01 19:06:45,looma keeled,"EAP:(0.0, 36.0), Sem:[], Hind:[], Linn:[], Aste:[], Veeb:[], Eeldusaineteta:False","['FLSE.00.260', 'FLSE.00.214', 'FLEE.06.122', 'FLGR.03.157', 'FLKE.05.010']",[],"
Siin on kursused, mis v√µivad sind huvitada:

*   **Zoosemiootika: omailm ja loomade kommunikatsioon** (FLSE.00.260) - Kursuse teemaks on loomade m√§rgiline kommunikatsioon. T√§helepanu p√∂√∂ratakse biokommunikatsiooni eeldustele, elementidele ja erinevatele t√º√ºpidele ning selle omadustele erinevates keskkondades.
*   **Zoosemiootika** (FLSE.00.214) - Kursus annab √ºlevaate peamistest zoosemiootika autoritest ja kirjandusallikatest ning v√µimaldab tutvuda biokommunikatsiooni esinemisvormide ja funktsioonidega erinevates loomar√ºhmades.",üëç Hea,
2026-03-01 19:07:27,t√§nap√§eva majanus,"EAP:(0.0, 36.0), Sem:[], Hind:[], Linn:[], Aste:[], Veeb:[], Eeldusaineteta:False","['SVPH.00.004', 'HVEE.01.019', 'FLAJ.07.091', 'HVKU.04.032', 'SVUH.00.267']",[],"Vabandust, aga pakutud kursuste seast ei leidu otseselt kursust, mis k√§sitleks t√§nap√§eva majandust.  L√§himad teemad puudutavad √ºhiskondlikke teooriaid ja kultuuri, mis v√µivad majanduslikke protsesse m√µjutada, kuid ei keskendu sellele otse. 

Siin on m√µned kursused, mis v√µiksid olla teile kasulikud v√µrreldes pakutud valikuga, kui majandus on teema, mis teid huvitab:

*   **SVUH.00.267 Kaasaja √ºhiskonna teooriad:**  See kursus k√§sitleb sotsiaalteaduslikke teooriaid, mis v√µivad anda konteksti majanduslike suundumuste m√µistmiseks.
*   **HVKU.04.032 √úhiskonna kultuuriline m√µtestamine enne ja n√º√ºd:**  Kultuurilised tegurid on majandusega tihedalt seotud, nii et see kursus v√µib pakkuda v√§√§rtuslikke teadmisi.",üëé Halb,Otsing leidis valed ained (RAG viga)
2026-03-01 19:08:14,Funktsionaalne programmeerimine/anal√º√ºs,"EAP:(0.0, 36.0), Sem:[], Hind:[], Linn:[], Aste:[], Veeb:[], Eeldusaineteta:False","['LTAT.03.019', 'MTMM.00.301', 'MTMM.00.095', 'MTAT.03.286', 'HVEE.04.028']",[],"
Valikuid on kaks:

1. **Funktsionaalprogrammeerimine** (LTAT.03.019): Kursuse eesm√§rk on tutvustada funktsionaalse programmeerimise paradigmat ja selgitada selle eeliseid. Kursuse l√§binud √ºli√µpilane oskab selgitada lambda arvutuse p√µhim√µisteid ja lahendada programmeerimis√ºlesandeid funktsionaalsel viisil.
2. **Funktsionaalanal√º√ºs I** (MTMM.00.095): Funktsionaalanal√º√ºsi sissejuhatav osa, mis katab meetrilised ruumid, t√§ielikud meetrilised ruumid ja pidevad operaatorid. Kursuse l√§binud √ºli√µpilane tunneb p√µhim√µisteid ja oskab t√µestada nendega seotud teoreeme.",üëç Hea,
2026-03-01 19:09:28,"gan, rnn, cnn, lstm","EAP:(0.0, 36.0), Sem:[], Hind:[], Linn:[], Aste:[], Veeb:[], Eeldusaineteta:False","['LOMR.01.003', 'LTMR.01.006', 'LTKT.09.002', 'LTMR.01.002', 'LTMS.00.016']",[],"Vabandust, aga teie k√ºsimus ei kuulu nende kursuste hulka. Ma ei saa vastata.",üëé Halb,Otsing leidis valed ained (RAG viga)
2026-03-01 19:09:52,ai eetika kursus,"EAP:(0.0, 36.0), Sem:[], Hind:[], Linn:[], Aste:[], Veeb:[], Eeldusaineteta:False","['FLFI.02.190', 'ARTH.02.055', 'FLFI.02.003', 'FLFI.02.148', 'OIEO.06.091']",[],"
Kahjuks ei ole √ºhtegi kursust, mis √ºhendaks otseselt k√µiki nimetatud termineid (GAN, RNN, CNN, LSTM) ja AI eetikat. K√ºll aga on √ºks kursus, mis k√§sitleb tehisintellekti ja √µigust ning puudutab seega AI eetikat:

**OIEO.06.091 Tehisintellekt ja √µigus (Artificial Intelligence and Law)**

*   **Kirjeldus:** Kursus annab √ºlevaate eetilistest ja √µiguslikest v√§ljakutsetest tehisintellekti s√ºsteemide ja (tarkade) robotite kasutamisest kehtivas (Euroopa) √µigusnormistikus ning (tulevikus) kehtivatest v√µimalustest nende tehnoloogiate kasutamist reguleerida.
*   **Eesm√§rgid:** Aine loob teadmised ja arusaamise viimase aja tehnoloogia arengutest TI ja robootika valdkonnas, aktuaalsematest eetilistest ja √µiguslikest k√ºsimustest ning kohaldatavast √µigusnormistikust.
*   **Hindamine:** Active Participation in lectures/seminars with a presentation of a pre-selected topic: 40%, Written paper: 60%.

Kuigi see kursus ei keskendu otseselt GAN-ide, RNN-ide, CNN-ide ja LSTM-ide tehnilistele detailidele, k√§sitleb see nende rakendamisega seotud eetilisi ja √µiguslikke k√ºsimusi.
",üëç Hea,
2026-03-01 19:10:33,projektijuhtimine tiimides,"EAP:(0.0, 36.0), Sem:[], Hind:[], Linn:[], Aste:[], Veeb:[], Eeldusaineteta:False","['SORG.01.040', 'HVKU.04.052', 'P2VK.05.327', 'SVNC.00.184', 'LOTI.05.032']",[],"Olen n√µustaja ja aitan sind. Siin on kursuste v√§ljav√µtted, mis k√§sitlevad projektijuhtimist tiimides:

*   **SORG.01.040 Projektijuhtimine:** Kursus p√∂√∂rab t√§helepanu projekti inimressurssile ja projektijuhi rollile projekti juhtimisel. Kirjeldatakse v√µtteid hea meeskonna valikuks ja projekti tulemuste hindamiseks.
*   **HVKU.04.052 Projektijuhtimine:** K√§sitletakse meeskonna juhtimise ja motiveerimise p√µhialuseid.
*   **P2VK.05.327 Projektit√∂√∂ II:** Arendab oskust kavandada ja teostada projekti kaas- ja omafinantseerimise v√µimalusi. Anda √ºlevaade personalijuhtimise v√µttestikust projektit√∂√∂ kontekstis. √ïli√µpilane peab oskama m√§rgata erinevaid rolle meeskonnat√∂√∂s ja omama algteadmisi personalijuhtimisest projektit√∂√∂ kontekstis.
*   **SVNC.00.184 Projektipraktika infotehnoloogias:** √ïppijad osalevad meeskonnat√∂√∂s ja t√§idavad talle m√§√§ratud √ºlesandeid, juhivad projekti ja projekti meeskonda.
*   **LOTI.05.032 Robootika projekt:** Annab kogemuse meeskonnat√∂√∂na tehtava praktilise t√§htajalise projekti planeerimisel, dokumenteerimisel ja elluviimisel. √ïppija peab oskama jagada projekti alamt√∂√∂deks ja m√§√§rata nendevahelised s√µltuvused, samuti osaleda meeskonnat√∂√∂s nii tavaliikme kui ka projektijuhina.",üëç Hea,
